index,name,seed,housing_capacity,isolation_capacity,foster_capacity,intake_rate_per_day,kitten_multiplier,total_intervention_budget,elapsed_seconds,best_baseline_source,best_baseline_overflow,best_bo_overflow,absolute_difference,pct_reduction_vs_best_baseline,outcome
0,Generalization Study Scenario 00,100000,38,8,6,4.371739027707167,2.7566824497895768,6880.504031418501,36.129332099983,baseline:all_in_events,0.8020833333333334,3.078124999999999,2.2760416666666656,-283.7662337662336,worse
1,Generalization Study Scenario 01,100001,27,7,10,5.748556128659146,2.5447109502934833,3423.606102011048,39.75480850000167,baseline:all_in_events,1177.8125000000002,1356.609374999999,178.79687499999886,-15.180419209339247,worse
2,Generalization Study Scenario 02,100002,21,6,11,4.197498676793188,2.643772507934344,8795.046380227112,31.534855400037486,baseline:all_in_events,169.93749999999997,210.95312500000006,41.015625000000085,-24.135711658698106,worse
3,Generalization Study Scenario 03,100003,28,7,4,5.560884366290175,2.2852543111919035,2855.5408050784463,37.58024460001616,baseline:all_in_events,3212.223958333337,3363.1770833333394,150.95312500000227,-4.699333762466685,worse
4,Generalization Study Scenario 04,100004,28,6,7,4.848925595534329,2.274192307114387,3893.486786235868,36.41291910002474,baseline:all_in_events,1511.249999999999,1656.8177083333333,145.56770833333417,-9.632271850013845,worse
5,Generalization Study Scenario 05,100005,26,7,10,5.866053811380175,2.4481708968617335,9008.995499137014,41.18539980001515,baseline:all_in_events,46.62499999999998,47.90624999999999,1.2812500000000142,-2.747989276139442,worse
6,Generalization Study Scenario 06,100006,24,8,11,5.740516310883008,2.924108408031887,8678.470849553005,68.30387270002393,baseline:all_in_events,90.95312499999999,124.28124999999997,33.328124999999986,-36.64318845559181,worse
7,Generalization Study Scenario 07,100007,21,10,9,5.13013148669693,2.3443017685766225,6670.5096702284545,40.31046559999231,baseline:all_in_events,1211.411458333334,1311.1197916666658,99.7083333333319,-8.23075699403662,worse
8,Generalization Study Scenario 08,100008,35,10,5,6.063242603801303,2.2793173074665347,3560.38465741938,41.74523549998412,baseline:all_in_events,638.7708333333333,734.8333333333326,96.06249999999932,-15.038648445908379,worse
9,Generalization Study Scenario 09,100009,27,5,12,3.6760873343810623,2.4804544753090028,9860.184748788932,31.269400399993174,baseline:all_in_events,6.63541666666667,13.906249999999996,7.270833333333327,-109.57613814756657,worse
10,Generalization Study Scenario 10,100010,21,10,8,5.268697137526511,2.244921494679598,2543.317625584295,37.858194799977355,baseline:all_in_events,4329.57291666667,4377.895833333338,48.32291666666788,-1.1161127805620052,worse
11,Generalization Study Scenario 11,100011,35,8,7,4.455922197358878,2.287625647398471,6877.941051466039,40.084627499978524,baseline:all_in_events,17.895833333333318,20.260416666666657,2.3645833333333393,-13.213038416763723,worse
12,Generalization Study Scenario 12,100012,40,9,11,4.767488831338353,2.4706544237277215,9131.03477228183,48.95404250000138,baseline:all_in_events,0.0,0.0,0.0,,matched
13,Generalization Study Scenario 13,100013,34,9,12,4.567826985188393,2.362669265651563,8223.43897752811,46.46427140000742,baseline:all_in_events,0.03125,0.06770833333333333,0.03645833333333333,-116.66666666666666,matched
14,Generalization Study Scenario 14,100014,35,7,11,6.277838215400741,3.139877843901393,4978.357317429645,90.66144120000536,baseline:all_in_events,18.44791666666666,30.656250000000007,12.208333333333346,-66.17730095990974,worse
15,Generalization Study Scenario 15,100015,23,4,6,6.1822979568649155,2.7356980050366575,2715.385878090429,58.97000289999414,baseline:all_in_events,4600.895833333332,4709.999999999998,109.10416666666606,-2.3713678948393078,worse
16,Generalization Study Scenario 16,100016,28,9,11,5.803710761054013,2.5963592237023976,7363.745756458198,61.42031060002046,baseline:all_in_events,33.635416666666686,42.06770833333334,8.432291666666657,-25.06968101579432,worse
17,Generalization Study Scenario 17,100017,27,7,8,3.541151218648342,2.354818530345538,8381.477183978517,44.5461383999791,baseline:all_in_events,54.937500000000064,77.71875000000001,22.78124999999995,-41.46757679180874,worse
18,Generalization Study Scenario 18,100018,32,6,8,4.214640537069678,3.1695283008655193,3498.9332407243974,58.005268200009596,baseline:all_in_events,455.2916666666672,492.10937500000017,36.81770833333297,-8.086620298343464,worse
19,Generalization Study Scenario 19,100019,38,8,5,4.062104800830365,3.185450747357113,4079.040953686294,56.929074400046375,baseline:all_in_events,110.47395833333336,145.69791666666674,35.223958333333385,-31.88439960397911,worse
20,Generalization Study Scenario 20,100020,37,6,9,5.820157316084785,2.389415922742119,7622.760285788671,60.057438699994236,baseline:all_in_events,0.010416666666666666,0.1822916666666667,0.17187500000000006,-1650.0000000000007,matched
21,Generalization Study Scenario 21,100021,34,3,12,3.5731448604960754,2.533526836129175,5815.076103929223,45.669475799950305,baseline:all_in_events,1.489583333333333,5.223958333333334,3.734375000000001,-250.6993006993008,worse
22,Generalization Study Scenario 22,100022,23,10,9,5.707978705407561,2.353622740759033,3042.465502372384,58.26281549996929,baseline:all_in_events,2410.395833333335,2487.828125000002,77.43229166666697,-3.212430530946691,worse
23,Generalization Study Scenario 23,100023,26,6,5,6.1900771262971865,2.5580461866610635,7638.022991430092,66.56551909999689,baseline:all_in_events,402.78645833333337,444.10937500000045,41.32291666666708,-10.259261653843769,worse
